UPTIME,CONTAINER ID,NAME,CPU %,MEM USAGE,MEM LIMIT,MEM %, NET I,NET O,BLOCK I,BLOCK O,PIDS
16:26:05,34404f00b663,geo-diff-work_worker,1.99%,29674700,419430400,7.08%,2350000,30800000,2990000,0,2
16:26:05,a38dec8d88d0,geo-diff-work_worker,0.00%,29538385,419430400,7.04%,2290000,29600000,1490000,0,2
16:26:12,a38dec8d88d0,geo-diff-work_worker,0.00%,29590814,419430400,7.05%,2390000,30800000,1490000,0,2
16:26:19,a38dec8d88d0,geo-diff-work_worker,0.04%,29590814,419430400,7.05%,2430000,31200000,1490000,0,2
16:26:25,a38dec8d88d0,geo-diff-work_worker,1.49%,29590814,419430400,7.05%,2450000,31600000,1490000,0,2
16:26:32,263b1cd16f4d,geo-diff-work_worker,0.00%,24945623,419430400,5.95%,2280,1460,0,0,2
16:26:32,a38dec8d88d0,geo-diff-work_worker,2.31%,29590814,419430400,7.05%,2470000,31600000,1490000,0,2
16:26:39,263b1cd16f4d,geo-diff-work_worker,2.01%,27294433,419430400,6.51%,71200,449000,0,0,2
16:26:39,a38dec8d88d0,geo-diff-work_worker,1.93%,29590814,419430400,7.05%,2520000,31800000,1490000,0,2
16:26:47,263b1cd16f4d,geo-diff-work_worker,1.87%,28238151,419430400,6.73%,203000,1810000,0,0,2
16:26:47,a38dec8d88d0,geo-diff-work_worker,2.11%,29695672,419430400,7.08%,2660000,33299999,1490000,0,2
16:26:55,263b1cd16f4d,geo-diff-work_worker,1.81%,28301066,419430400,6.75%,308000,2910000,0,0,2
16:27:01,263b1cd16f4d,geo-diff-work_worker,1.86%,28301066,419430400,6.75%,413000,3990000,0,0,2
16:27:08,263b1cd16f4d,geo-diff-work_worker,2.08%,28426895,419430400,6.78%,523000,4980000,0,0,2
16:27:14,263b1cd16f4d,geo-diff-work_worker,0.00%,28678553,419430400,6.84%,647000,6060000,0,0,2
16:27:21,263b1cd16f4d,geo-diff-work_worker,1.85%,28678553,419430400,6.84%,766000,7330000,0,0,2
16:27:28,263b1cd16f4d,geo-diff-work_worker,1.92%,28678553,419430400,6.84%,890000,8660000,0,0,2
16:27:34,263b1cd16f4d,geo-diff-work_worker,0.00%,28678553,419430400,6.84%,984000,9690000,0,0,2
16:27:41,263b1cd16f4d,geo-diff-work_worker,1.70%,28689039,419430400,6.84%,1040000,10100000,0,0,2
16:27:47,263b1cd16f4d,geo-diff-work_worker,0.00%,28689039,419430400,6.84%,1090000,10600000,0,0,2
16:27:54,263b1cd16f4d,geo-diff-work_worker,1.17%,28689039,419430400,6.84%,1190000,11400000,0,0,2
16:29:03,94692531b321,geo-diff-work_worker,14.45%,24788336,419430400,5.91%,948,368,0,0,2
16:29:03,5936a891f2c8,geo-diff-work_worker,0.00%,24956108,419430400,5.95%,1200,368,3330000,0,2
16:29:10,94692531b321,geo-diff-work_worker,0.00%,24788336,419430400,5.91%,1310,410,0,0,2
16:29:10,5936a891f2c8,geo-diff-work_worker,0.00%,24956108,419430400,5.95%,1310,410,3330000,0,2
16:29:18,94692531b321,geo-diff-work_worker,0.00%,24798822,419430400,5.91%,1980,736,0,0,2
16:29:18,5936a891f2c8,geo-diff-work_worker,0.00%,24966594,419430400,5.95%,1980,736,3330000,0,2
16:29:25,94692531b321,geo-diff-work_worker,0.00%,24830279,419430400,5.92%,2580,1060,0,0,2
16:29:25,5936a891f2c8,geo-diff-work_worker,0.00%,24987566,419430400,5.96%,2580,1060,3330000,0,2
16:29:33,94692531b321,geo-diff-work_worker,0.00%,24840765,419430400,5.92%,3240,1390,0,0,2
16:29:33,5936a891f2c8,geo-diff-work_worker,0.00%,24998051,419430400,5.96%,3170,1390,3330000,0,2
16:29:41,94692531b321,geo-diff-work_worker,0.00%,24840765,419430400,5.92%,3290,1430,0,0,2
16:29:41,5936a891f2c8,geo-diff-work_worker,0.00%,24998051,419430400,5.96%,3290,1430,3330000,0,2
16:29:48,94692531b321,geo-diff-work_worker,0.00%,24861736,419430400,5.93%,3880,1760,0,0,2
16:29:48,5936a891f2c8,geo-diff-work_worker,0.00%,25029509,419430400,5.97%,3880,1760,3330000,0,2
16:29:56,94692531b321,geo-diff-work_worker,0.00%,24872222,419430400,5.93%,4480,2080,0,0,2
16:29:56,5936a891f2c8,geo-diff-work_worker,0.00%,25039994,419430400,5.97%,4480,2080,3330000,0,2
16:30:03,94692531b321,geo-diff-work_worker,0.00%,24893194,419430400,5.93%,5190,2450,0,0,2
16:30:03,5936a891f2c8,geo-diff-work_worker,0.00%,25050480,419430400,5.97%,5120,2450,3330000,0,2
16:30:11,94692531b321,geo-diff-work_worker,0.00%,24893194,419430400,5.93%,5230,2490,0,0,2
16:30:11,5936a891f2c8,geo-diff-work_worker,0.00%,25050480,419430400,5.97%,5230,2490,3330000,0,2
16:30:19,94692531b321,geo-diff-work_worker,0.00%,25448939,419430400,6.07%,5590,2770,0,0,2
16:30:19,5936a891f2c8,geo-diff-work_worker,0.00%,25616711,419430400,6.11%,5590,2770,3330000,0,2
16:30:26,94692531b321,geo-diff-work_worker,0.00%,25459425,419430400,6.07%,5700,2910,0,0,2
16:30:26,5936a891f2c8,geo-diff-work_worker,0.00%,25627197,419430400,6.11%,5700,2910,3330000,0,2
16:30:34,94692531b321,geo-diff-work_worker,0.00%,25459425,419430400,6.07%,5810,3060,0,0,2
16:30:34,5936a891f2c8,geo-diff-work_worker,0.00%,25627197,419430400,6.11%,5810,3060,3330000,0,2
16:30:41,94692531b321,geo-diff-work_worker,0.32%,25480396,419430400,6.07%,5920,3210,0,0,2
16:30:41,5936a891f2c8,geo-diff-work_worker,0.00%,25627197,419430400,6.11%,5810,3060,3330000,0,2
16:30:49,94692531b321,geo-diff-work_worker,0.00%,25480396,419430400,6.07%,5920,3210,0,0,2
16:30:49,5936a891f2c8,geo-diff-work_worker,0.00%,25648168,419430400,6.11%,5920,3210,3330000,0,2
16:30:56,94692531b321,geo-diff-work_worker,0.00%,25522339,419430400,6.09%,6150,3480,0,0,2
16:30:56,5936a891f2c8,geo-diff-work_worker,0.00%,25690112,419430400,6.13%,6030,3360,3330000,0,2
16:31:04,94692531b321,geo-diff-work_worker,0.00%,25543311,419430400,6.09%,6330,3630,0,0,2
16:31:04,5936a891f2c8,geo-diff-work_worker,0.00%,25711083,419430400,6.13%,6260,3630,3330000,0,2
16:31:12,94692531b321,geo-diff-work_worker,0.41%,25564282,419430400,6.10%,6440,3780,0,0,2
16:31:12,5936a891f2c8,geo-diff-work_worker,0.00%,25711083,419430400,6.13%,6260,3630,3330000,0,2
16:31:19,94692531b321,geo-diff-work_worker,0.00%,25564282,419430400,6.10%,6440,3780,0,0,2
16:31:19,5936a891f2c8,geo-diff-work_worker,0.00%,25732055,419430400,6.14%,6370,3780,3330000,0,2
16:31:27,94692531b321,geo-diff-work_worker,0.00%,25564282,419430400,6.10%,6550,3930,0,0,2
16:31:27,5936a891f2c8,geo-diff-work_worker,0.00%,25732055,419430400,6.14%,6550,3930,3330000,0,2
16:31:34,94692531b321,geo-diff-work_worker,0.00%,25574768,419430400,6.10%,6650,4080,0,0,2
16:31:34,5936a891f2c8,geo-diff-work_worker,0.00%,25742540,419430400,6.14%,6650,4080,3330000,0,2
16:31:42,94692531b321,geo-diff-work_worker,0.32%,25574768,419430400,6.10%,6800,4270,0,0,2
16:31:42,5936a891f2c8,geo-diff-work_worker,0.00%,25742540,419430400,6.14%,6780,4200,3330000,0,2
16:31:50,94692531b321,geo-diff-work_worker,0.00%,25574768,419430400,6.10%,6890,4350,0,0,2
16:31:50,5936a891f2c8,geo-diff-work_worker,0.00%,25742540,419430400,6.14%,6890,4350,3330000,0,2
16:31:57,94692531b321,geo-diff-work_worker,0.00%,25574768,419430400,6.10%,7000,4500,0,0,2
16:31:57,5936a891f2c8,geo-diff-work_worker,0.00%,25742540,419430400,6.14%,7000,4500,3330000,0,2
16:32:05,94692531b321,geo-diff-work_worker,0.00%,25595740,419430400,6.10%,7100,4650,0,0,2
16:32:05,5936a891f2c8,geo-diff-work_worker,0.00%,25763512,419430400,6.14%,7100,4650,3330000,0,2
16:32:12,94692531b321,geo-diff-work_worker,0.32%,25606225,419430400,6.11%,7210,4790,0,0,2
16:32:12,5936a891f2c8,geo-diff-work_worker,0.00%,25763512,419430400,6.14%,7190,4730,3330000,0,2
16:32:20,94692531b321,geo-diff-work_worker,0.00%,25606225,419430400,6.11%,7250,4840,0,0,2
16:32:20,5936a891f2c8,geo-diff-work_worker,0.00%,25773998,419430400,6.15%,7340,4920,3330000,0,2
16:32:27,94692531b321,geo-diff-work_worker,0.00%,25627197,419430400,6.11%,7360,4980,0,0,2
16:32:27,5936a891f2c8,geo-diff-work_worker,0.00%,25794969,419430400,6.15%,7450,5070,3330000,0,2
16:32:35,94692531b321,geo-diff-work_worker,0.00%,25627197,419430400,6.11%,7470,5130,0,0,2
16:32:35,5936a891f2c8,geo-diff-work_worker,0.00%,25794969,419430400,6.15%,7550,5220,3330000,0,2
16:32:43,94692531b321,geo-diff-work_worker,0.43%,25648168,419430400,6.12%,9280,6700,0,0,2
16:32:43,5936a891f2c8,geo-diff-work_worker,0.20%,25805455,419430400,6.15%,7780,5510,3330000,0,2
16:32:50,94692531b321,geo-diff-work_worker,1.96%,28940697,419430400,6.90%,105000,765000,4100,0,2
16:32:50,5936a891f2c8,geo-diff-work_worker,1.13%,28416409,419430400,6.77%,87000,556000,3330000,0,2
16:32:58,94692531b321,geo-diff-work_worker,1.93%,29097984,419430400,6.94%,204000,1740000,4100,0,2
16:32:58,5936a891f2c8,geo-diff-work_worker,0.01%,29171384,419430400,6.96%,178000,1430000,3330000,0,2
16:33:05,94692531b321,geo-diff-work_worker,0.00%,29108469,419430400,6.94%,290000,2700000,4100,0,2
16:33:05,5936a891f2c8,geo-diff-work_worker,1.97%,29181870,419430400,6.96%,269000,2430000,3330000,0,2
16:33:13,94692531b321,geo-diff-work_worker,2.00%,29108469,419430400,6.94%,373000,3620000,4100,0,2
16:33:13,5936a891f2c8,geo-diff-work_worker,0.06%,29318184,419430400,6.99%,347000,3170000,3330000,0,2
16:33:21,94692531b321,geo-diff-work_worker,1.98%,29108469,419430400,6.94%,459000,4310000,4100,0,2
16:33:21,5936a891f2c8,geo-diff-work_worker,1.25%,29318184,419430400,6.99%,434000,3980000,3330000,0,2
16:33:28,94692531b321,geo-diff-work_worker,1.69%,29192355,419430400,6.96%,546000,5320000,4100,0,2
16:33:28,5936a891f2c8,geo-diff-work_worker,0.00%,29318184,419430400,6.99%,537000,5000000,3330000,0,2
16:33:36,94692531b321,geo-diff-work_worker,0.00%,29192355,419430400,6.96%,598000,5970000,4100,0,2
16:33:36,5936a891f2c8,geo-diff-work_worker,1.96%,29318184,419430400,6.99%,615000,5970000,3330000,0,2
16:33:43,94692531b321,geo-diff-work_worker,2.11%,29213327,419430400,6.96%,668000,6710000,4100,0,2
16:33:43,5936a891f2c8,geo-diff-work_worker,0.04%,29370613,419430400,7.00%,666000,6450000,3330000,0,2
16:33:51,94692531b321,geo-diff-work_worker,0.00%,29213327,419430400,6.96%,742000,7450000,4100,0,2
16:33:51,5936a891f2c8,geo-diff-work_worker,2.00%,29381099,419430400,7.00%,772000,7480000,3330000,0,2
16:33:58,94692531b321,geo-diff-work_worker,0.00%,29213327,419430400,6.96%,823000,8220000,4100,0,2
16:33:58,5936a891f2c8,geo-diff-work_worker,2.08%,29381099,419430400,7.00%,845000,8240000,3330000,0,2
16:34:06,94692531b321,geo-diff-work_worker,1.74%,29223813,419430400,6.97%,891000,9240000,4100,0,2
16:34:06,5936a891f2c8,geo-diff-work_worker,1.96%,29402071,419430400,7.01%,909000,9240000,3330000,0,2
16:34:14,94692531b321,geo-diff-work_worker,0.00%,29223813,419430400,6.97%,957000,10300000,4100,0,2
16:34:14,5936a891f2c8,geo-diff-work_worker,0.04%,29402071,419430400,7.01%,965000,10200000,3330000,0,2
16:34:21,94692531b321,geo-diff-work_worker,1.72%,29223813,419430400,6.97%,1010000,11200000,4100,0,2
16:34:21,5936a891f2c8,geo-diff-work_worker,1.95%,29475471,419430400,7.03%,1010000,10900000,3330000,0,2
16:34:29,94692531b321,geo-diff-work_worker,0.00%,29223813,419430400,6.97%,1060000,11800000,4100,0,2
16:34:29,5936a891f2c8,geo-diff-work_worker,1.73%,29485957,419430400,7.03%,1100000,12100000,3330000,0,2
16:34:36,94692531b321,geo-diff-work_worker,1.90%,29223813,419430400,6.97%,1120000,12900000,4100,0,2
16:34:36,5936a891f2c8,geo-diff-work_worker,0.00%,29485957,419430400,7.03%,1130000,12600000,3330000,0,2
16:34:44,94692531b321,geo-diff-work_worker,1.52%,29223813,419430400,6.97%,1170000,13700000,4100,0,2
16:34:44,5936a891f2c8,geo-diff-work_worker,1.67%,29496442,419430400,7.03%,1190000,13600000,3330000,0,2
16:34:52,94692531b321,geo-diff-work_worker,1.99%,29234298,419430400,6.97%,1230000,14600000,4100,0,2
16:34:52,5936a891f2c8,geo-diff-work_worker,0.00%,29496442,419430400,7.03%,1250000,14700000,3330000,0,2
16:34:59,94692531b321,geo-diff-work_worker,0.00%,29234298,419430400,6.97%,1260000,15100000,4100,0,2
16:34:59,5936a891f2c8,geo-diff-work_worker,2.15%,29496442,419430400,7.03%,1300000,15400000,3330000,0,2
16:35:07,94692531b321,geo-diff-work_worker,17.37%,29454499,419430400,7.02%,1760000,23300000,4100,0,2
16:35:07,5936a891f2c8,geo-diff-work_worker,17.02%,29769072,419430400,7.10%,1630000,20900000,3330000,0,3
16:35:14,94692531b321,geo-diff-work_worker,7.71%,29622272,419430400,7.06%,2170000,30200000,4100,0,2
16:35:14,5936a891f2c8,geo-diff-work_worker,4.11%,29957816,419430400,7.14%,2120000,29200000,3330000,0,2
16:35:22,94692531b321,geo-diff-work_worker,0.00%,29664215,419430400,7.07%,2330000,32799999,4100,0,2
16:35:22,5936a891f2c8,geo-diff-work_worker,2.06%,30010245,419430400,7.16%,2350000,32700000,3330000,0,2
16:35:30,94692531b321,geo-diff-work_worker,2.17%,29737615,419430400,7.09%,2420000,33800000,4100,0,2
16:35:30,5936a891f2c8,geo-diff-work_worker,2.07%,30010245,419430400,7.16%,2420000,33800000,3330000,0,2
16:35:37,94692531b321,geo-diff-work_worker,2.00%,29737615,419430400,7.09%,2460000,34500000,4100,0,2
16:35:37,5936a891f2c8,geo-diff-work_worker,0.00%,30010245,419430400,7.16%,2470000,34400000,3330000,0,2
16:35:45,94692531b321,geo-diff-work_worker,0.00%,29737615,419430400,7.09%,2510000,35100000,4100,0,2
16:35:45,5936a891f2c8,geo-diff-work_worker,0.03%,30010245,419430400,7.16%,2520000,35100000,3330000,0,2
16:35:52,94692531b321,geo-diff-work_worker,0.00%,29758586,419430400,7.09%,2560000,35800000,4100,0,2
16:35:52,5936a891f2c8,geo-diff-work_worker,1.47%,30010245,419430400,7.16%,2570000,35800000,3330000,0,2
16:36:00,94692531b321,geo-diff-work_worker,2.10%,29842472,419430400,7.12%,2640000,36800000,4100,0,2
16:36:00,5936a891f2c8,geo-diff-work_worker,0.00%,30010245,419430400,7.16%,2620000,36400000,3330000,0,2
16:36:07,94692531b321,geo-diff-work_worker,0.00%,29842472,419430400,7.12%,2710000,37700000,4100,0,2
16:36:07,5936a891f2c8,geo-diff-work_worker,1.92%,30010245,419430400,7.16%,2720000,37700000,3330000,0,2
16:36:15,94692531b321,geo-diff-work_worker,1.21%,29842472,419430400,7.12%,2790000,38700000,4100,0,2
16:36:15,5936a891f2c8,geo-diff-work_worker,0.04%,30010245,419430400,7.16%,2770000,38200000,3330000,0,2
16:36:23,94692531b321,geo-diff-work_worker,1.98%,29842472,419430400,7.12%,2860000,39500000,4100,0,2
16:36:23,5936a891f2c8,geo-diff-work_worker,0.00%,30010245,419430400,7.16%,2850000,39300000,3330000,0,2
16:36:36,8a492bf5e9a0,geo-diff-work_worker,2.21%,27996979,419430400,6.67%,62500,513000,0,0,2
16:36:42,8a492bf5e9a0,geo-diff-work_worker,1.49%,28395438,419430400,6.77%,192000,1660000,0,0,2
16:36:49,8a492bf5e9a0,geo-diff-work_worker,2.04%,28584181,419430400,6.81%,289000,2650000,0,0,2
16:36:56,8a492bf5e9a0,geo-diff-work_worker,1.91%,28710010,419430400,6.85%,422000,3870000,0,0,2
16:37:02,8a492bf5e9a0,geo-diff-work_worker,0.06%,28720496,419430400,6.85%,525000,4850000,0,0,2
16:37:09,8a492bf5e9a0,geo-diff-work_worker,1.90%,28762439,419430400,6.86%,670000,6070000,0,0,2
16:37:15,8a492bf5e9a0,geo-diff-work_worker,2.02%,28772925,419430400,6.86%,801000,7420000,0,0,2
16:37:22,8a492bf5e9a0,geo-diff-work_worker,0.00%,28783411,419430400,6.86%,888000,8289999,0,0,2
16:37:28,8a492bf5e9a0,geo-diff-work_worker,0.00%,28793896,419430400,6.87%,959000,8860000,0,0,2
16:37:35,8a492bf5e9a0,geo-diff-work_worker,1.54%,28804382,419430400,6.87%,1040000,9740000,0,0,2
16:37:42,8a492bf5e9a0,geo-diff-work_worker,0.00%,28814868,419430400,6.87%,1110000,10400000,0,0,2
16:37:48,8a492bf5e9a0,geo-diff-work_worker,1.79%,28814868,419430400,6.87%,1230000,11500000,0,0,2
16:37:55,8a492bf5e9a0,geo-diff-work_worker,0.00%,28814868,419430400,6.87%,1340000,12600000,0,0,2
16:38:01,8a492bf5e9a0,geo-diff-work_worker,0.04%,28888268,419430400,6.89%,1480000,14000000,0,0,2
16:38:08,8a492bf5e9a0,geo-diff-work_worker,0.00%,28888268,419430400,6.89%,1570000,14900000,0,0,2
16:38:15,8a492bf5e9a0,geo-diff-work_worker,2.40%,28888268,419430400,6.89%,1630000,15400000,0,0,2
16:38:21,8a492bf5e9a0,geo-diff-work_worker,1.93%,28909240,419430400,6.89%,1790000,16800000,0,0,2
16:38:28,8a492bf5e9a0,geo-diff-work_worker,2.03%,28930211,419430400,6.90%,1920000,18000000,0,0,2
16:38:34,8a492bf5e9a0,geo-diff-work_worker,1.87%,28930211,419430400,6.90%,2040000,19100000,0,0,2
16:38:41,8a492bf5e9a0,geo-diff-work_worker,2.05%,29003612,419430400,6.92%,2230000,20600000,0,0,2
16:38:47,8a492bf5e9a0,geo-diff-work_worker,1.95%,29014097,419430400,6.92%,2330000,21500000,0,0,2
16:38:54,8a492bf5e9a0,geo-diff-work_worker,0.00%,29014097,419430400,6.92%,2420000,22300000,0,0,2
16:39:01,8a492bf5e9a0,geo-diff-work_worker,0.00%,29014097,419430400,6.92%,2530000,23300000,0,0,2
16:39:07,8a492bf5e9a0,geo-diff-work_worker,1.68%,29024583,419430400,6.92%,2620000,24200000,0,0,2
16:39:14,8a492bf5e9a0,geo-diff-work_worker,1.79%,29024583,419430400,6.92%,2710000,25200000,0,0,2
16:39:20,8a492bf5e9a0,geo-diff-work_worker,0.60%,29160898,419430400,6.95%,2850000,26200000,0,0,3
16:39:27,8a492bf5e9a0,geo-diff-work_worker,2.98%,29035069,419430400,6.92%,2950000,26900000,0,0,2
16:39:33,8a492bf5e9a0,geo-diff-work_worker,0.00%,29035069,419430400,6.92%,3020000,27900000,0,0,2
16:39:40,8a492bf5e9a0,geo-diff-work_worker,2.00%,29035069,419430400,6.92%,3180000,29300000,0,0,2
16:39:47,8a492bf5e9a0,geo-diff-work_worker,0.09%,29077012,419430400,6.93%,3320000,30500000,0,0,2
16:39:53,8a492bf5e9a0,geo-diff-work_worker,1.95%,29087498,419430400,6.93%,3480000,31900000,0,0,2
16:40:00,8a492bf5e9a0,geo-diff-work_worker,2.01%,29150412,419430400,6.95%,3600000,33200000,0,0,2
16:40:06,8a492bf5e9a0,geo-diff-work_worker,2.01%,29150412,419430400,6.95%,3720000,34300000,0,0,2
16:40:13,8a492bf5e9a0,geo-diff-work_worker,1.92%,29318184,419430400,6.99%,3820000,35300000,0,0,2
16:40:20,8a492bf5e9a0,geo-diff-work_worker,0.00%,29391585,419430400,7.01%,3900000,35900000,0,0,2
16:40:26,8a492bf5e9a0,geo-diff-work_worker,0.00%,29433528,419430400,7.02%,4010000,36900000,0,0,2
16:40:33,8a492bf5e9a0,geo-diff-work_worker,1.98%,29454499,419430400,7.02%,4150000,38200000,0,0,2
16:40:39,8a492bf5e9a0,geo-diff-work_worker,2.06%,29485957,419430400,7.03%,4260000,39000000,0,0,2
16:40:46,8a492bf5e9a0,geo-diff-work_worker,1.94%,29485957,419430400,7.03%,4380000,40000000,0,0,2
16:40:52,8a492bf5e9a0,geo-diff-work_worker,0.00%,29517414,419430400,7.04%,4500000,41100000,0,0,2
16:40:59,8a492bf5e9a0,geo-diff-work_worker,1.54%,29517414,419430400,7.04%,4570000,41700000,0,0,2
16:41:06,8a492bf5e9a0,geo-diff-work_worker,0.00%,29517414,419430400,7.04%,4710000,42900000,0,0,2
16:41:12,8a492bf5e9a0,geo-diff-work_worker,2.12%,29517414,419430400,7.04%,4880000,44200000,0,0,2
16:41:19,8a492bf5e9a0,geo-diff-work_worker,1.54%,29517414,419430400,7.04%,4940000,45000000,0,0,2
16:41:25,8a492bf5e9a0,geo-diff-work_worker,1.67%,29517414,419430400,7.04%,4980000,45600000,0,0,2
16:41:32,8a492bf5e9a0,geo-diff-work_worker,0.04%,29517414,419430400,7.04%,5070000,46800000,0,0,2
16:41:38,8a492bf5e9a0,geo-diff-work_worker,1.70%,29517414,419430400,7.04%,5150000,48000000,0,0,2
16:41:45,8a492bf5e9a0,geo-diff-work_worker,1.83%,29517414,419430400,7.04%,5230000,49100000,0,0,2
16:41:52,8a492bf5e9a0,geo-diff-work_worker,2.03%,29674700,419430400,7.08%,5350000,50500000,0,0,2
16:41:58,8a492bf5e9a0,geo-diff-work_worker,2.13%,29674700,419430400,7.08%,5440000,51800000,0,0,2
16:42:05,8a492bf5e9a0,geo-diff-work_worker,1.51%,29674700,419430400,7.08%,5530000,52800000,0,0,2
16:42:11,8a492bf5e9a0,geo-diff-work_worker,2.05%,29674700,419430400,7.08%,5620000,54100000,0,0,2
16:42:18,8a492bf5e9a0,geo-diff-work_worker,1.56%,29674700,419430400,7.08%,5680000,55000000,0,0,2
16:42:25,8a492bf5e9a0,geo-diff-work_worker,1.77%,29821501,419430400,7.11%,5750000,55900000,0,0,2
16:42:31,8a492bf5e9a0,geo-diff-work_worker,2.03%,29894901,419430400,7.13%,5840000,57000000,0,0,2
16:42:38,8a492bf5e9a0,geo-diff-work_worker,2.05%,29894901,419430400,7.13%,5910000,57800000,0,0,2
16:42:44,8a492bf5e9a0,geo-diff-work_worker,1.67%,29894901,419430400,7.13%,5980000,58800000,0,0,2
16:42:51,8a492bf5e9a0,geo-diff-work_worker,2.14%,29894901,419430400,7.13%,6080000,60000000,0,0,2
16:42:57,8a492bf5e9a0,geo-diff-work_worker,2.14%,29894901,419430400,7.13%,6150000,61000000,0,0,2
16:43:04,8a492bf5e9a0,geo-diff-work_worker,0.00%,29894901,419430400,7.13%,6230000,61800000,0,0,2
16:43:11,8a492bf5e9a0,geo-diff-work_worker,0.00%,29894901,419430400,7.13%,6310000,62900000,0,0,2
16:43:17,8a492bf5e9a0,geo-diff-work_worker,2.26%,29894901,419430400,7.13%,6450000,64700000,0,0,2
16:43:24,8a492bf5e9a0,geo-diff-work_worker,2.17%,29894901,419430400,7.13%,6550000,65800000,0,0,2
16:43:30,8a492bf5e9a0,geo-diff-work_worker,2.15%,29894901,419430400,7.13%,6660000,67200000,0,0,2
16:43:37,8a492bf5e9a0,geo-diff-work_worker,2.27%,29978787,419430400,7.15%,6800000,68800000,0,0,2
16:43:43,8a492bf5e9a0,geo-diff-work_worker,1.70%,29978787,419430400,7.15%,6890000,70000000,0,0,2
16:43:50,8a492bf5e9a0,geo-diff-work_worker,1.51%,29978787,419430400,7.15%,6970000,71200000,0,0,2
16:43:57,8a492bf5e9a0,geo-diff-work_worker,0.00%,29978787,419430400,7.15%,7010000,71700000,0,0,2
16:44:03,8a492bf5e9a0,geo-diff-work_worker,4.00%,29978787,419430400,7.15%,7130000,73000000,0,0,2
16:44:10,8a492bf5e9a0,geo-diff-work_worker,1.86%,29978787,419430400,7.15%,7220000,74100000,0,0,2
16:44:16,8a492bf5e9a0,geo-diff-work_worker,2.14%,29978787,419430400,7.15%,7360000,75900000,0,0,2
16:44:23,8a492bf5e9a0,geo-diff-work_worker,1.71%,29978787,419430400,7.15%,7430000,76800000,0,0,2
16:44:29,8a492bf5e9a0,geo-diff-work_worker,0.00%,30167531,419430400,7.19%,7520000,77900000,0,0,2
16:44:36,8a492bf5e9a0,geo-diff-work_worker,2.06%,30167531,419430400,7.19%,7630000,79400000,0,0,2
16:44:43,8a492bf5e9a0,geo-diff-work_worker,1.63%,30178017,419430400,7.19%,7690000,80200000,0,0,2
16:44:49,8a492bf5e9a0,geo-diff-work_worker,0.00%,30178017,419430400,7.19%,7800000,81500000,0,0,2
16:44:56,8a492bf5e9a0,geo-diff-work_worker,1.76%,30178017,419430400,7.19%,7960000,83200000,0,0,2
16:45:02,8a492bf5e9a0,geo-diff-work_worker,2.16%,30178017,419430400,7.19%,8070000,84400000,0,0,2
16:45:09,8a492bf5e9a0,geo-diff-work_worker,21.17%,30429675,419430400,7.25%,8950000,93800000,0,0,2
16:45:16,8a492bf5e9a0,geo-diff-work_worker,7.92%,30482104,419430400,7.27%,9950000,103000000,0,0,2
16:45:22,8a492bf5e9a0,geo-diff-work_worker,0.00%,30482104,419430400,7.27%,10100000,104000000,0,0,2
16:45:29,8a492bf5e9a0,geo-diff-work_worker,2.37%,30482104,419430400,7.27%,10100000,105000000,0,0,2
16:45:35,8a492bf5e9a0,geo-diff-work_worker,0.00%,30482104,419430400,7.27%,10200000,105000000,0,0,2
16:45:42,8a492bf5e9a0,geo-diff-work_worker,0.00%,30482104,419430400,7.27%,10200000,106000000,0,0,2
16:45:48,8a492bf5e9a0,geo-diff-work_worker,0.00%,30482104,419430400,7.27%,10300000,107000000,0,0,2
16:45:55,8a492bf5e9a0,geo-diff-work_worker,2.12%,30649876,419430400,7.31%,10400000,107000000,0,0,2
16:46:02,8a492bf5e9a0,geo-diff-work_worker,2.03%,30744248,419430400,7.33%,10600000,109000000,0,0,2
16:46:08,8a492bf5e9a0,geo-diff-work_worker,1.99%,30786191,419430400,7.34%,10700000,110000000,0,0,2
16:46:15,8a492bf5e9a0,geo-diff-work_worker,0.00%,30786191,419430400,7.34%,10800000,110000000,0,0,2
16:46:21,8a492bf5e9a0,geo-diff-work_worker,1.74%,30796677,419430400,7.34%,10900000,111000000,0,0,2
16:46:28,8a492bf5e9a0,geo-diff-work_worker,0.00%,30796677,419430400,7.34%,11000000,112000000,0,0,2
16:46:34,8a492bf5e9a0,geo-diff-work_worker,2.34%,30796677,419430400,7.34%,11000000,113000000,0,0,2
16:46:41,8a492bf5e9a0,geo-diff-work_worker,0.62%,30796677,419430400,7.34%,11200000,114000000,0,0,2
16:46:48,8a492bf5e9a0,geo-diff-work_worker,1.64%,30796677,419430400,7.34%,11300000,115000000,0,0,2
16:46:54,8a492bf5e9a0,geo-diff-work_worker,2.03%,30880563,419430400,7.36%,11400000,116000000,0,0,2
16:47:01,8a492bf5e9a0,geo-diff-work_worker,0.00%,30943477,419430400,7.38%,11500000,117000000,0,0,2
16:47:07,8a492bf5e9a0,geo-diff-work_worker,2.09%,30943477,419430400,7.38%,11600000,118000000,0,0,2
16:47:14,8a492bf5e9a0,geo-diff-work_worker,1.88%,30943477,419430400,7.38%,11800000,120000000,0,0,2
16:47:20,8a492bf5e9a0,geo-diff-work_worker,4.04%,30943477,419430400,7.38%,11900000,121000000,0,0,2
16:47:27,8a492bf5e9a0,geo-diff-work_worker,2.05%,30943477,419430400,7.38%,12100000,122000000,0,0,2
16:47:34,8a492bf5e9a0,geo-diff-work_worker,0.00%,31184650,419430400,7.44%,12100000,123000000,0,0,2
16:47:40,8a492bf5e9a0,geo-diff-work_worker,3.78%,31184650,419430400,7.44%,12300000,124000000,0,0,2
16:47:47,8a492bf5e9a0,geo-diff-work_worker,1.72%,31184650,419430400,7.44%,12400000,125000000,0,0,2
16:47:53,8a492bf5e9a0,geo-diff-work_worker,1.53%,31184650,419430400,7.44%,12500000,126000000,0,0,2
16:48:00,8a492bf5e9a0,geo-diff-work_worker,0.00%,31184650,419430400,7.44%,12600000,127000000,0,0,2
16:48:07,8a492bf5e9a0,geo-diff-work_worker,2.05%,31184650,419430400,7.44%,12800000,129000000,0,0,2
16:48:13,8a492bf5e9a0,geo-diff-work_worker,1.94%,31184650,419430400,7.44%,12900000,130000000,0,0,2
16:48:20,8a492bf5e9a0,geo-diff-work_worker,0.00%,31184650,419430400,7.44%,13000000,131000000,0,0,2
16:48:26,8a492bf5e9a0,geo-diff-work_worker,1.78%,31184650,419430400,7.44%,13200000,132000000,0,0,2
16:48:33,8a492bf5e9a0,geo-diff-work_worker,0.00%,31184650,419430400,7.44%,13300000,133000000,0,0,2
16:48:39,8a492bf5e9a0,geo-diff-work_worker,0.46%,31205621,419430400,7.44%,13400000,135000000,0,0,2
16:48:46,8a492bf5e9a0,geo-diff-work_worker,2.00%,31205621,419430400,7.44%,13500000,136000000,0,0,2
16:48:53,8a492bf5e9a0,geo-diff-work_worker,2.14%,31205621,419430400,7.44%,13600000,137000000,0,0,2
16:48:59,8a492bf5e9a0,geo-diff-work_worker,1.61%,31205621,419430400,7.44%,13700000,138000000,0,0,2
16:49:06,8a492bf5e9a0,geo-diff-work_worker,0.00%,31216107,419430400,7.44%,13700000,139000000,0,0,2
16:49:12,8a492bf5e9a0,geo-diff-work_worker,1.94%,31216107,419430400,7.44%,13800000,140000000,0,0,2
16:49:19,8a492bf5e9a0,geo-diff-work_worker,2.11%,31216107,419430400,7.44%,14000000,142000000,0,0,2
16:49:25,8a492bf5e9a0,geo-diff-work_worker,2.14%,31216107,419430400,7.44%,14100000,143000000,0,0,2
16:49:32,8a492bf5e9a0,geo-diff-work_worker,2.09%,31216107,419430400,7.44%,14200000,145000000,0,0,2
16:49:39,8a492bf5e9a0,geo-diff-work_worker,2.06%,31216107,419430400,7.44%,14300000,146000000,0,0,2
16:49:45,8a492bf5e9a0,geo-diff-work_worker,2.07%,31216107,419430400,7.44%,14400000,147000000,0,0,2
16:49:52,8a492bf5e9a0,geo-diff-work_worker,1.85%,31216107,419430400,7.44%,14500000,148000000,0,0,2
16:49:58,8a492bf5e9a0,geo-diff-work_worker,2.10%,31216107,419430400,7.44%,14600000,149000000,0,0,2
16:50:05,8a492bf5e9a0,geo-diff-work_worker,1.55%,31216107,419430400,7.44%,14700000,150000000,0,0,2
16:50:11,8a492bf5e9a0,geo-diff-work_worker,0.00%,31216107,419430400,7.44%,14700000,151000000,0,0,2
16:50:18,8a492bf5e9a0,geo-diff-work_worker,0.00%,31216107,419430400,7.44%,14800000,152000000,0,0,2
16:50:25,8a492bf5e9a0,geo-diff-work_worker,2.10%,31216107,419430400,7.44%,14900000,153000000,0,0,2
16:50:31,8a492bf5e9a0,geo-diff-work_worker,0.00%,31216107,419430400,7.44%,14900000,154000000,0,0,2
16:50:38,8a492bf5e9a0,geo-diff-work_worker,0.00%,31216107,419430400,7.44%,15000000,155000000,0,0,2
16:50:44,8a492bf5e9a0,geo-diff-work_worker,1.65%,31226593,419430400,7.45%,15100000,156000000,0,0,2
16:50:51,8a492bf5e9a0,geo-diff-work_worker,0.87%,31237079,419430400,7.45%,15200000,158000000,0,0,2
16:50:58,8a492bf5e9a0,geo-diff-work_worker,2.12%,31237079,419430400,7.45%,15300000,159000000,0,0,2
16:51:04,8a492bf5e9a0,geo-diff-work_worker,1.98%,31237079,419430400,7.45%,15400000,160000000,0,0,2
16:51:11,8a492bf5e9a0,geo-diff-work_worker,0.00%,31237079,419430400,7.45%,15500000,160000000,0,0,2
16:51:17,8a492bf5e9a0,geo-diff-work_worker,2.04%,31436308,419430400,7.50%,15600000,162000000,0,0,2
16:51:24,8a492bf5e9a0,geo-diff-work_worker,0.00%,31436308,419430400,7.50%,15700000,163000000,0,0,2
16:51:30,8a492bf5e9a0,geo-diff-work_worker,2.00%,31509708,419430400,7.51%,15800000,164000000,0,0,2
16:51:37,8a492bf5e9a0,geo-diff-work_worker,2.05%,31583109,419430400,7.53%,15800000,165000000,0,0,2
16:51:44,8a492bf5e9a0,geo-diff-work_worker,2.10%,31583109,419430400,7.53%,15900000,166000000,0,0,2
16:51:50,8a492bf5e9a0,geo-diff-work_worker,1.96%,31583109,419430400,7.53%,16000000,167000000,0,0,2
16:51:57,8a492bf5e9a0,geo-diff-work_worker,2.01%,31583109,419430400,7.53%,16200000,169000000,0,0,2
16:52:03,8a492bf5e9a0,geo-diff-work_worker,2.09%,31625052,419430400,7.54%,16300000,170000000,0,0,2
16:52:10,8a492bf5e9a0,geo-diff-work_worker,1.99%,31625052,419430400,7.54%,16399999,171000000,0,0,2
16:52:16,8a492bf5e9a0,geo-diff-work_worker,0.00%,31625052,419430400,7.54%,16500000,172000000,0,0,2
16:52:23,8a492bf5e9a0,geo-diff-work_worker,1.53%,31625052,419430400,7.54%,16600000,173000000,0,0,2
16:52:30,8a492bf5e9a0,geo-diff-work_worker,2.15%,31625052,419430400,7.54%,16700000,175000000,0,0,2
16:52:36,8a492bf5e9a0,geo-diff-work_worker,2.04%,31625052,419430400,7.54%,16900000,176000000,0,0,2
16:52:43,8a492bf5e9a0,geo-diff-work_worker,0.00%,31625052,419430400,7.54%,17000000,178000000,0,0,2
16:52:49,8a492bf5e9a0,geo-diff-work_worker,2.06%,31625052,419430400,7.54%,17100000,179000000,0,0,2
16:52:56,8a492bf5e9a0,geo-diff-work_worker,2.15%,31625052,419430400,7.54%,17200000,180000000,0,0,2
16:53:03,8a492bf5e9a0,geo-diff-work_worker,1.84%,31625052,419430400,7.54%,17300000,181000000,0,0,2
16:53:09,8a492bf5e9a0,geo-diff-work_worker,0.05%,31625052,419430400,7.54%,17400000,182000000,0,0,2
16:53:16,8a492bf5e9a0,geo-diff-work_worker,1.78%,31625052,419430400,7.54%,17600000,183000000,0,0,2
16:53:22,8a492bf5e9a0,geo-diff-work_worker,1.84%,31625052,419430400,7.54%,17700000,184000000,0,0,2
16:53:29,8a492bf5e9a0,geo-diff-work_worker,2.07%,31646023,419430400,7.54%,17800000,185000000,0,0,3
16:53:35,8a492bf5e9a0,geo-diff-work_worker,0.00%,31625052,419430400,7.54%,17900000,186000000,0,0,2
16:53:42,8a492bf5e9a0,geo-diff-work_worker,1.63%,31625052,419430400,7.54%,18000000,187000000,0,0,2
16:53:49,8a492bf5e9a0,geo-diff-work_worker,1.98%,31708938,419430400,7.56%,18100000,189000000,0,0,2
16:53:55,8a492bf5e9a0,geo-diff-work_worker,1.45%,31708938,419430400,7.56%,18200000,190000000,0,0,2
16:54:02,8a492bf5e9a0,geo-diff-work_worker,1.76%,31834767,419430400,7.59%,18300000,190000000,0,0,2
16:54:08,8a492bf5e9a0,geo-diff-work_worker,0.00%,31855738,419430400,7.59%,18400000,191000000,0,0,2
16:54:15,8a492bf5e9a0,geo-diff-work_worker,1.81%,31855738,419430400,7.59%,18500000,192000000,0,0,2
16:54:21,8a492bf5e9a0,geo-diff-work_worker,2.02%,31855738,419430400,7.59%,18600000,194000000,0,0,2
16:54:28,8a492bf5e9a0,geo-diff-work_worker,1.99%,31855738,419430400,7.60%,18700000,194000000,0,0,2
16:54:35,8a492bf5e9a0,geo-diff-work_worker,2.01%,31866224,419430400,7.60%,18900000,196000000,0,0,2
16:54:41,8a492bf5e9a0,geo-diff-work_worker,1.60%,31866224,419430400,7.60%,19000000,197000000,0,0,2
16:54:48,8a492bf5e9a0,geo-diff-work_worker,1.51%,31866224,419430400,7.60%,19100000,198000000,0,0,2
16:54:54,8a492bf5e9a0,geo-diff-work_worker,1.92%,31866224,419430400,7.60%,19200000,199000000,0,0,2
16:55:01,8a492bf5e9a0,geo-diff-work_worker,1.67%,31866224,419430400,7.60%,19300000,200000000,0,0,2
16:55:07,8a492bf5e9a0,geo-diff-work_worker,30.61%,31887196,419430400,7.60%,20000000,206000000,0,0,3
16:55:14,8a492bf5e9a0,geo-diff-work_worker,10.17%,32117882,419430400,7.66%,21300000,219000000,0,0,2
16:55:14,--,0,0B,0,0.00%,0B,0B,0B,0B,0
16:55:21,de654b6e9abf,geo-diff-work_worker,1.68%,28227665,419430400,6.73%,265000,2280000,0,0,3
16:55:21,8a492bf5e9a0,geo-diff-work_worker,1.18%,32201768,419430400,7.68%,21500000,221000000,0,0,2
16:55:28,de654b6e9abf,geo-diff-work_worker,1.57%,28238151,419430400,6.73%,403000,3700000,0,0,3
16:55:28,8a492bf5e9a0,geo-diff-work_worker,0.00%,32201768,419430400,7.68%,21600000,222000000,0,0,2
16:55:36,de654b6e9abf,geo-diff-work_worker,0.00%,28217180,419430400,6.73%,487000,4560000,0,0,2
16:55:36,8a492bf5e9a0,geo-diff-work_worker,0.00%,32222740,419430400,7.68%,21800000,223000000,0,0,2
16:55:43,de654b6e9abf,geo-diff-work_worker,1.81%,28280094,419430400,6.74%,554000,5520000,0,0,2
16:55:43,8a492bf5e9a0,geo-diff-work_worker,2.14%,32264683,419430400,7.69%,21900000,224000000,0,0,2
16:55:51,de654b6e9abf,geo-diff-work_worker,1.95%,28363980,419430400,6.76%,641000,6720000,0,0,2
16:55:51,8a492bf5e9a0,geo-diff-work_worker,2.13%,32306626,419430400,7.70%,22000000,226000000,0,0,2
16:55:59,de654b6e9abf,geo-diff-work_worker,1.83%,28384952,419430400,6.77%,727000,8029999,0,0,2
16:55:59,8a492bf5e9a0,geo-diff-work_worker,0.00%,32317112,419430400,7.71%,22100000,227000000,0,0,2
16:56:06,de654b6e9abf,geo-diff-work_worker,2.13%,28405923,419430400,6.77%,833000,9410000,0,0,2
16:56:06,8a492bf5e9a0,geo-diff-work_worker,1.55%,32338083,419430400,7.71%,22200000,228000000,0,0,3
16:56:14,8a492bf5e9a0,geo-diff-work_worker,1.64%,32317112,419430400,7.71%,22400000,230000000,0,0,2
16:56:20,8a492bf5e9a0,geo-diff-work_worker,2.15%,32317112,419430400,7.71%,22500000,231000000,0,0,2
16:56:27,8a492bf5e9a0,geo-diff-work_worker,1.56%,32317112,419430400,7.71%,22500000,232000000,0,0,2
16:56:34,8a492bf5e9a0,geo-diff-work_worker,0.00%,32317112,419430400,7.71%,22600000,233000000,0,0,2
16:56:40,8a492bf5e9a0,geo-diff-work_worker,1.38%,32317112,419430400,7.71%,22700000,234000000,0,0,2
16:56:47,8a492bf5e9a0,geo-diff-work_worker,1.89%,32495370,419430400,7.75%,22900000,236000000,0,0,2
16:56:53,8a492bf5e9a0,geo-diff-work_worker,1.89%,32495370,419430400,7.75%,23000000,237000000,0,0,2
16:57:00,8a492bf5e9a0,geo-diff-work_worker,3.88%,32516341,419430400,7.75%,23100000,239000000,0,0,2
16:57:06,8a492bf5e9a0,geo-diff-work_worker,2.17%,32516341,419430400,7.75%,23200000,240000000,0,0,2
16:57:13,8a492bf5e9a0,geo-diff-work_worker,2.14%,32516341,419430400,7.75%,23300000,242000000,0,0,2
16:57:20,8a492bf5e9a0,geo-diff-work_worker,1.89%,32537313,419430400,7.76%,23500000,243000000,0,0,2
16:57:26,8a492bf5e9a0,geo-diff-work_worker,1.69%,32537313,419430400,7.76%,23600000,244000000,0,0,2
16:57:33,8a492bf5e9a0,geo-diff-work_worker,2.06%,32694599,419430400,7.79%,23700000,246000000,0,0,2
16:57:39,8a492bf5e9a0,geo-diff-work_worker,2.02%,32757514,419430400,7.81%,23800000,247000000,0,0,2
16:57:46,8a492bf5e9a0,geo-diff-work_worker,1.48%,32757514,419430400,7.81%,23900000,248000000,0,0,2
16:57:52,8a492bf5e9a0,geo-diff-work_worker,1.88%,32757514,419430400,7.81%,24000000,249000000,0,0,2
16:57:59,8a492bf5e9a0,geo-diff-work_worker,4.37%,32757514,419430400,7.81%,24100000,251000000,0,0,2
16:58:06,8a492bf5e9a0,geo-diff-work_worker,2.06%,32757514,419430400,7.81%,24300000,253000000,0,0,2
16:58:12,8a492bf5e9a0,geo-diff-work_worker,1.94%,32757514,419430400,7.81%,24400000,254000000,0,0,2
16:58:19,8a492bf5e9a0,geo-diff-work_worker,2.08%,32757514,419430400,7.81%,24500000,255000000,0,0,2
16:58:25,8a492bf5e9a0,geo-diff-work_worker,1.79%,32788971,419430400,7.82%,24600000,257000000,0,0,2
16:58:32,8a492bf5e9a0,geo-diff-work_worker,2.16%,32788971,419430400,7.82%,24700000,258000000,0,0,2
16:58:38,8a492bf5e9a0,geo-diff-work_worker,2.07%,32935772,419430400,7.85%,24900000,260000000,0,0,2
16:58:45,8a492bf5e9a0,geo-diff-work_worker,1.90%,32935772,419430400,7.85%,24900000,261000000,0,0,2
16:58:52,8a492bf5e9a0,geo-diff-work_worker,1.88%,32935772,419430400,7.85%,25100000,262000000,0,0,2
16:58:58,8a492bf5e9a0,geo-diff-work_worker,2.02%,32935772,419430400,7.85%,25200000,264000000,0,0,2
16:59:05,8a492bf5e9a0,geo-diff-work_worker,0.00%,32935772,419430400,7.85%,25400000,265000000,0,0,2
16:59:11,8a492bf5e9a0,geo-diff-work_worker,1.98%,32935772,419430400,7.85%,25500000,266000000,0,0,2
16:59:18,8a492bf5e9a0,geo-diff-work_worker,1.73%,32935772,419430400,7.85%,25700000,268000000,0,0,2
16:59:25,8a492bf5e9a0,geo-diff-work_worker,2.04%,32935772,419430400,7.85%,25800000,270000000,0,0,2
16:59:31,8a492bf5e9a0,geo-diff-work_worker,0.00%,32935772,419430400,7.85%,26000000,271000000,0,0,2
16:59:38,8a492bf5e9a0,geo-diff-work_worker,0.00%,32935772,419430400,7.85%,26100000,273000000,0,0,2
16:59:44,8a492bf5e9a0,geo-diff-work_worker,0.91%,32956743,419430400,7.86%,26300000,274000000,0,0,3
16:59:51,8a492bf5e9a0,geo-diff-work_worker,3.52%,32967229,419430400,7.86%,26400000,276000000,0,0,2
16:59:57,8a492bf5e9a0,geo-diff-work_worker,1.85%,32977715,419430400,7.86%,26500000,276000000,0,0,2
17:00:04,8a492bf5e9a0,geo-diff-work_worker,2.43%,32977715,419430400,7.86%,26700000,278000000,0,0,2
17:00:11,8a492bf5e9a0,geo-diff-work_worker,0.00%,32977715,419430400,7.86%,26800000,279000000,0,0,2
17:00:17,8a492bf5e9a0,geo-diff-work_worker,1.19%,32977715,419430400,7.86%,26800000,279000000,0,0,2
17:00:24,8a492bf5e9a0,geo-diff-work_worker,0.00%,32977715,419430400,7.86%,26900000,279000000,0,0,2
17:00:30,8a492bf5e9a0,geo-diff-work_worker,3.12%,32977715,419430400,7.86%,27000000,281000000,0,0,2
17:00:37,8a492bf5e9a0,geo-diff-work_worker,1.98%,33051115,419430400,7.88%,27200000,282000000,0,0,2
17:00:43,8a492bf5e9a0,geo-diff-work_worker,1.86%,33051115,419430400,7.88%,27300000,283000000,0,0,2
17:00:50,8a492bf5e9a0,geo-diff-work_worker,1.83%,33051115,419430400,7.88%,27400000,284000000,0,0,2
17:00:57,8a492bf5e9a0,geo-diff-work_worker,1.83%,33114030,419430400,7.89%,27500000,285000000,0,0,2
17:01:03,8a492bf5e9a0,geo-diff-work_worker,1.53%,33155973,419430400,7.91%,27600000,286000000,0,0,2
17:01:10,8a492bf5e9a0,geo-diff-work_worker,2.05%,33176944,419430400,7.91%,27800000,288000000,0,0,2
17:01:16,8a492bf5e9a0,geo-diff-work_worker,2.35%,33176944,419430400,7.91%,27900000,288000000,0,0,2
17:01:23,8a492bf5e9a0,geo-diff-work_worker,0.00%,33208401,419430400,7.92%,28000000,290000000,0,0,2
17:01:29,8a492bf5e9a0,geo-diff-work_worker,2.04%,33208401,419430400,7.92%,28200000,291000000,0,0,2
17:01:36,8a492bf5e9a0,geo-diff-work_worker,1.76%,33313259,419430400,7.94%,28300000,292000000,0,0,2
17:01:43,8a492bf5e9a0,geo-diff-work_worker,3.13%,33313259,419430400,7.94%,28300000,292000000,0,0,2
17:01:49,8a492bf5e9a0,geo-diff-work_worker,2.00%,33512488,419430400,7.99%,28500000,294000000,0,0,2
17:01:56,8a492bf5e9a0,geo-diff-work_worker,3.15%,33533460,419430400,8.00%,28500000,294000000,0,0,2
17:02:02,8a492bf5e9a0,geo-diff-work_worker,1.92%,33533460,419430400,8.00%,28700000,295000000,0,0,2
17:02:09,8a492bf5e9a0,geo-diff-work_worker,1.94%,33564917,419430400,8.00%,28800000,297000000,0,0,2
17:02:15,8a492bf5e9a0,geo-diff-work_worker,2.13%,33564917,419430400,8.00%,29000000,298000000,0,0,2
17:02:22,8a492bf5e9a0,geo-diff-work_worker,2.15%,33564917,419430400,8.00%,29200000,300000000,0,0,2
17:02:29,8a492bf5e9a0,geo-diff-work_worker,1.91%,33564917,419430400,8.00%,29400000,302000000,0,0,2
17:02:35,8a492bf5e9a0,geo-diff-work_worker,1.59%,33564917,419430400,8.00%,29500000,303000000,0,0,2
17:02:42,8a492bf5e9a0,geo-diff-work_worker,2.39%,33564917,419430400,8.00%,29600000,303000000,0,0,2
17:02:48,8a492bf5e9a0,geo-diff-work_worker,1.56%,33564917,419430400,8.00%,29700000,304000000,0,0,2
17:02:55,8a492bf5e9a0,geo-diff-work_worker,1.94%,33564917,419430400,8.00%,29900000,306000000,0,0,2
17:03:02,8a492bf5e9a0,geo-diff-work_worker,1.90%,33564917,419430400,8.00%,30000000,307000000,0,0,2
17:03:08,8a492bf5e9a0,geo-diff-work_worker,0.00%,33564917,419430400,8.00%,30100000,308000000,0,0,2
17:03:15,8a492bf5e9a0,geo-diff-work_worker,2.06%,33564917,419430400,8.00%,30300000,310000000,0,0,2
17:03:21,8a492bf5e9a0,geo-diff-work_worker,1.87%,33564917,419430400,8.00%,30400000,311000000,0,0,2
17:03:28,8a492bf5e9a0,geo-diff-work_worker,1.90%,33564917,419430400,8.00%,30600000,312000000,0,0,2
17:03:34,8a492bf5e9a0,geo-diff-work_worker,1.90%,33564917,419430400,8.00%,30700000,314000000,0,0,2
17:03:41,8a492bf5e9a0,geo-diff-work_worker,2.05%,33564917,419430400,8.00%,30800000,315000000,0,0,2
17:03:48,8a492bf5e9a0,geo-diff-work_worker,2.10%,33564917,419430400,8.00%,30900000,317000000,0,0,2
17:03:54,8a492bf5e9a0,geo-diff-work_worker,0.00%,33627832,419430400,8.02%,31000000,318000000,0,0,2
17:04:01,8a492bf5e9a0,geo-diff-work_worker,1.78%,33648803,419430400,8.02%,31100000,319000000,0,0,2
17:04:07,8a492bf5e9a0,geo-diff-work_worker,2.07%,33648803,419430400,8.02%,31200000,321000000,0,0,2
17:04:14,8a492bf5e9a0,geo-diff-work_worker,0.00%,33648803,419430400,8.02%,31400000,322000000,0,0,2
17:04:20,8a492bf5e9a0,geo-diff-work_worker,2.08%,33764147,419430400,8.05%,31500000,324000000,0,0,2
17:04:27,8a492bf5e9a0,geo-diff-work_worker,2.06%,33785118,419430400,8.06%,31600000,325000000,0,0,2
17:04:34,8a492bf5e9a0,geo-diff-work_worker,1.84%,33795604,419430400,8.06%,31700000,327000000,0,0,2
17:04:40,8a492bf5e9a0,geo-diff-work_worker,1.84%,33795604,419430400,8.06%,31900000,329000000,0,0,2
17:04:47,8a492bf5e9a0,geo-diff-work_worker,0.00%,33795604,419430400,8.06%,32000000,330000000,0,0,2
17:04:53,8a492bf5e9a0,geo-diff-work_worker,1.93%,33795604,419430400,8.06%,32100000,332000000,0,0,2
17:05:00,8a492bf5e9a0,geo-diff-work_worker,1.92%,33795604,419430400,8.06%,32200000,333000000,0,0,2
17:05:06,8a492bf5e9a0,geo-diff-work_worker,0.00%,33973862,419430400,8.10%,32500000,337000000,0,0,2
17:05:13,8a492bf5e9a0,geo-diff-work_worker,15.52%,34078720,419430400,8.12%,33700000,352000000,0,0,2
17:05:20,8a492bf5e9a0,geo-diff-work_worker,4.00%,34120663,419430400,8.13%,34500000,361000000,0,0,2
17:05:26,8a492bf5e9a0,geo-diff-work_worker,2.00%,34162606,419430400,8.15%,34600000,363000000,0,0,2
17:05:33,8a492bf5e9a0,geo-diff-work_worker,2.17%,34162606,419430400,8.15%,34700000,364000000,0,0,2
17:05:39,8a492bf5e9a0,geo-diff-work_worker,0.00%,34162606,419430400,8.15%,34800000,365000000,0,0,2
17:05:46,8a492bf5e9a0,geo-diff-work_worker,2.00%,34267463,419430400,8.17%,35000000,366000000,0,0,2
17:05:53,8a492bf5e9a0,geo-diff-work_worker,1.94%,34288435,419430400,8.18%,35100000,367000000,0,0,2
17:05:59,8a492bf5e9a0,geo-diff-work_worker,1.79%,34319892,419430400,8.18%,35200000,369000000,0,0,2
17:06:06,8a492bf5e9a0,geo-diff-work_worker,1.16%,34330378,419430400,8.18%,35400000,370000000,0,0,2
17:06:12,8a492bf5e9a0,geo-diff-work_worker,1.92%,34330378,419430400,8.18%,35500000,371000000,0,0,2
17:06:19,8a492bf5e9a0,geo-diff-work_worker,1.17%,34330378,419430400,8.18%,35600000,371000000,0,0,2
17:06:25,8a492bf5e9a0,geo-diff-work_worker,1.28%,34508636,419430400,8.23%,35600000,372000000,0,0,2
17:06:32,8a492bf5e9a0,geo-diff-work_worker,1.48%,34540093,419430400,8.24%,35800000,373000000,0,0,2
17:06:39,8a492bf5e9a0,geo-diff-work_worker,1.81%,34571550,419430400,8.24%,35900000,374000000,0,0,2
17:06:45,8a492bf5e9a0,geo-diff-work_worker,1.91%,34571550,419430400,8.24%,36000000,375000000,0,0,2
17:06:52,8a492bf5e9a0,geo-diff-work_worker,2.10%,34571550,419430400,8.24%,36200000,377000000,0,0,2
17:06:58,8a492bf5e9a0,geo-diff-work_worker,2.00%,34697379,419430400,8.27%,36300000,378000000,0,0,2
17:07:05,8a492bf5e9a0,geo-diff-work_worker,3.19%,34571550,419430400,8.24%,36300000,378000000,0,0,2
17:07:11,8a492bf5e9a0,geo-diff-work_worker,1.91%,34571550,419430400,8.24%,36500000,380000000,0,0,2
17:07:18,8a492bf5e9a0,geo-diff-work_worker,3.40%,34571550,419430400,8.24%,36500000,380000000,0,0,2
17:07:25,8a492bf5e9a0,geo-diff-work_worker,2.07%,34603008,419430400,8.25%,36700000,381000000,0,0,2
17:07:31,8a492bf5e9a0,geo-diff-work_worker,1.93%,34603008,419430400,8.25%,36900000,383000000,0,0,2
17:07:38,8a492bf5e9a0,geo-diff-work_worker,1.98%,34655436,419430400,8.26%,37000000,384000000,0,0,2
17:07:44,8a492bf5e9a0,geo-diff-work_worker,2.88%,34655436,419430400,8.26%,37100000,384000000,0,0,2
17:07:51,8a492bf5e9a0,geo-diff-work_worker,1.94%,34760294,419430400,8.29%,37200000,386000000,0,0,2
17:07:58,8a492bf5e9a0,geo-diff-work_worker,3.49%,34791751,419430400,8.29%,37300000,386000000,0,0,2
17:08:04,8a492bf5e9a0,geo-diff-work_worker,2.06%,34791751,419430400,8.29%,37400000,388000000,0,0,2
17:08:11,8a492bf5e9a0,geo-diff-work_worker,2.04%,34791751,419430400,8.29%,37600000,389000000,0,0,2
17:08:17,8a492bf5e9a0,geo-diff-work_worker,0.00%,34791751,419430400,8.29%,37800000,391000000,0,0,2
17:08:24,8a492bf5e9a0,geo-diff-work_worker,0.00%,34791751,419430400,8.29%,37900000,392000000,0,0,2
17:08:30,8a492bf5e9a0,geo-diff-work_worker,0.00%,34791751,419430400,8.29%,38100000,393000000,0,0,2
17:08:37,8a492bf5e9a0,geo-diff-work_worker,0.04%,34791751,419430400,8.29%,38200000,394000000,0,0,2
17:08:44,8a492bf5e9a0,geo-diff-work_worker,1.80%,34791751,419430400,8.29%,38400000,396000000,0,0,2
17:08:50,8a492bf5e9a0,geo-diff-work_worker,0.00%,34791751,419430400,8.30%,38500000,397000000,0,0,2
17:08:57,8a492bf5e9a0,geo-diff-work_worker,1.99%,34791751,419430400,8.30%,38600000,398000000,0,0,2
17:09:03,8a492bf5e9a0,geo-diff-work_worker,1.88%,34896609,419430400,8.32%,38800000,399000000,0,0,2
17:09:10,8a492bf5e9a0,geo-diff-work_worker,1.33%,34990981,419430400,8.34%,38900000,400000000,0,0,2
17:09:17,8a492bf5e9a0,geo-diff-work_worker,2.06%,34990981,419430400,8.34%,39100000,402000000,0,0,2
17:09:23,8a492bf5e9a0,geo-diff-work_worker,1.72%,34990981,419430400,8.34%,39200000,403000000,0,0,2
17:09:30,8a492bf5e9a0,geo-diff-work_worker,1.90%,34990981,419430400,8.34%,39300000,404000000,0,0,2
17:09:36,8a492bf5e9a0,geo-diff-work_worker,0.00%,34990981,419430400,8.34%,39400000,406000000,0,0,2
17:09:43,8a492bf5e9a0,geo-diff-work_worker,2.87%,34990981,419430400,8.34%,39600000,408000000,0,0,2
17:09:49,8a492bf5e9a0,geo-diff-work_worker,2.10%,34990981,419430400,8.34%,39700000,409000000,0,0,2
17:09:56,8a492bf5e9a0,geo-diff-work_worker,2.15%,34990981,419430400,8.34%,39800000,411000000,0,0,2
17:10:03,8a492bf5e9a0,geo-diff-work_worker,2.05%,34990981,419430400,8.34%,39900000,412000000,0,0,2
17:10:09,8a492bf5e9a0,geo-diff-work_worker,2.12%,34990981,419430400,8.34%,40000000,413000000,0,0,2
17:10:16,8a492bf5e9a0,geo-diff-work_worker,0.00%,34990981,419430400,8.34%,40100000,415000000,0,0,2
17:10:22,8a492bf5e9a0,geo-diff-work_worker,3.51%,34990981,419430400,8.34%,40300000,416000000,0,0,2
17:10:29,8a492bf5e9a0,geo-diff-work_worker,2.01%,34990981,419430400,8.34%,40400000,418000000,0,0,2
17:10:35,8a492bf5e9a0,geo-diff-work_worker,2.16%,35022438,419430400,8.35%,40500000,419000000,0,0,2
17:10:42,8a492bf5e9a0,geo-diff-work_worker,1.98%,35022438,419430400,8.35%,40600000,421000000,0,0,2
17:10:49,8a492bf5e9a0,geo-diff-work_worker,0.00%,35022438,419430400,8.35%,40700000,421000000,0,0,2
17:10:55,8a492bf5e9a0,geo-diff-work_worker,1.96%,35095838,419430400,8.37%,40800000,422000000,0,0,2
17:11:02,8a492bf5e9a0,geo-diff-work_worker,1.55%,35095838,419430400,8.37%,40800000,423000000,0,0,2
17:11:08,8a492bf5e9a0,geo-diff-work_worker,1.86%,35095838,419430400,8.37%,41000000,425000000,0,0,2
17:11:15,8a492bf5e9a0,geo-diff-work_worker,0.00%,35095838,419430400,8.37%,41100000,426000000,0,0,2
17:11:22,8a492bf5e9a0,geo-diff-work_worker,0.00%,35095838,419430400,8.37%,41100000,427000000,0,0,2
17:11:28,8a492bf5e9a0,geo-diff-work_worker,2.04%,35106324,419430400,8.37%,41200000,427000000,0,0,2
17:11:35,8a492bf5e9a0,geo-diff-work_worker,3.71%,35106324,419430400,8.37%,41300000,429000000,0,0,2
17:11:41,8a492bf5e9a0,geo-diff-work_worker,0.05%,35106324,419430400,8.37%,41400000,430000000,0,0,2
17:11:48,8a492bf5e9a0,geo-diff-work_worker,2.12%,35211182,419430400,8.39%,41500000,432000000,0,0,2
17:11:54,8a492bf5e9a0,geo-diff-work_worker,1.57%,35211182,419430400,8.39%,41700000,433000000,0,0,2
17:12:01,8a492bf5e9a0,geo-diff-work_worker,1.90%,35211182,419430400,8.39%,41800000,435000000,0,0,2
17:12:08,8a492bf5e9a0,geo-diff-work_worker,0.00%,35378954,419430400,8.44%,41900000,436000000,0,0,2
17:12:14,8a492bf5e9a0,geo-diff-work_worker,1.95%,35389440,419430400,8.44%,42000000,438000000,0,0,2
17:12:21,8a492bf5e9a0,geo-diff-work_worker,0.00%,35389440,419430400,8.44%,42100000,438000000,0,0,2
17:12:27,8a492bf5e9a0,geo-diff-work_worker,1.83%,35399925,419430400,8.44%,42200000,439000000,0,0,2
17:12:34,8a492bf5e9a0,geo-diff-work_worker,0.00%,35410411,419430400,8.44%,42200000,440000000,0,0,2
17:12:40,8a492bf5e9a0,geo-diff-work_worker,2.01%,35410411,419430400,8.44%,42300000,442000000,0,0,2
17:12:47,8a492bf5e9a0,geo-diff-work_worker,0.41%,35504783,419430400,8.47%,42400000,443000000,0,0,3
17:12:54,8a492bf5e9a0,geo-diff-work_worker,3.20%,35599155,419430400,8.49%,42600000,444000000,0,0,2
17:13:00,8a492bf5e9a0,geo-diff-work_worker,2.13%,35599155,419430400,8.49%,42700000,446000000,0,0,2
17:13:07,8a492bf5e9a0,geo-diff-work_worker,0.00%,35599155,419430400,8.49%,42800000,447000000,0,0,2
17:13:13,8a492bf5e9a0,geo-diff-work_worker,1.93%,35599155,419430400,8.49%,43000000,449000000,0,0,2
